{"spider":"file://TVBoxOSC/本地仓/spider.jar",
"wallpaper":"file://TVBoxOSC/本地仓/壁纸.jpg",
"sites":
	[{"key":"豆瓣","name":"云盘｜首页","type":3,"api":"./JS/drpy.min.js","ext":"./JS/豆瓣.js","searchable":0,"quickSearch":0,"filterable":1},
	{"key":"玩偶哥哥","name":"云盘｜玩偶","type":3,"api":"csp_XYQHikerAL","playerType":1,"searchable":1,"quickSearch":1,"filterable":1,"ext":"./XYQHiker/玩偶哥哥.json"},
	{"key":"PanSearch","name":"云盘｜搜索","type":3,"api":"csp_PanSearch","ext":"file://TVBox/token.txt"},
	{"key":"Dovx","name":"云盘｜七夜","type":3,"api":"csp_Dovx","ext":"file://TVBox/token.txt"},
	{"key":"YiSo","name":"云盘｜易搜","type":3,"api":"csp_YiSo","ext":"file://TVBox/token.txt"},
	{"key":"UpYun","name":"云盘｜云搜","type":3,"api":"csp_UpYun","ext":"file://TVBox/token.txt"},
	{"key":"PanSou","name":"云盘｜盘搜","type":3,"api":"csp_PanSou","ext":"file://TVBox/token.txt"},
	{"key":"我的小站","name":"云盘｜小站","type":3,"api":"csp_XYQHikerAL","playerType":1,"searchable":1,"quickSearch":1,"filterable":1,"ext":"./XYQHiker/我的小站.json"},
	{"key":"橘子盘搜","name":"云盘｜橘子","type":3,"api":"csp_XYQHikerAL","playerType":1,"searchable":1,"quickSearch":1,"filterable":1,"ext":"./XYQHiker/橘子盘搜.json"},
	{"key":"云盘资源分享","name":"云盘｜分享","type":3,"api":"csp_XYQHikerAL","playerType":1,"searchable":1,"quickSearch":1,"filterable":1,"ext":"./XYQHiker/云盘资源分享.json"},
	{"key":"土拨鼠搜索","name":"云盘｜土拨鼠","type":3,"api":"csp_XYQHiker","playerType":1,"searchable":1,"quickSearch":1,"filterable":1,"ext":"./XYQHiker/土拨鼠搜索.json"},
	{"key":"豆豆飞搜索","name":"云盘｜豆豆飞","type":3,"api":"csp_XYQHikerAL","playerType":1,"searchable":1,"quickSearch":1,"filterable":1,"ext":"./XYQHiker/豆豆飞搜索.json"},
	{"key":"阿里云盘网","name":"云盘｜云盘网","type":3,"api":"csp_XYQHikerAL","playerType":1,"searchable":1,"quickSearch":1,"filterable":1,"ext":"./XYQHiker/阿里云盘网.json"},
	{"key":"云盘分享社","name":"云盘｜分享社","type":3,"api":"csp_XYQBiu","searchable":1,"quickSearch":1,"filterable":1,"ext":"./XYQBiu/云盘分享社.json"}],
"parses":
	[{"name":"线路1","type":0,"url":"https://jx.zhanlangbu.com/?url="},
	{"name":"线路2","type":0,"url":"https://jx.777jiexi.com/player/?url="},
	{"name":"线路3","type":0,"url":"https://jx.jsonplayer.com/player/?url=","ext":{"flag":["qq","腾讯","qiyi","爱奇艺","奇艺","youku","优酷","mgtv","芒果","letv","乐视","pptv","PPTV","sohu","bilibili","哔哩哔哩","哔哩"],"header":{"User-Agent":"okhttp/4.1.0"}}},
	{"name":"线路4","type":0,"url":"https://yun.ckmov.com/?url=","ext":{"flag":["qq","腾讯","qiyi","爱奇艺","奇艺","youku","优酷","mgtv","芒果","letv","乐视","pptv","PPTV","sohu","bilibili","哔哩哔哩","哔哩"],"header":{"User-Agent":"okhttp/4.1.0"}}},
	{"name":"线路5","type":0,"url":"https://www.nxflv.com/?url=","ext":{"flag":["qq","腾讯","企鹅","IQiYi","qiyi","爱奇艺","奇艺","youku","YouKu","优酷","sohu","SoHu","搜狐","letv","LeShi","乐视","imgo","mgtv","MangGuo","芒果","SLYS4k","BYGA","luanzi","AliS","dxzy","bilibili","QEYSS","xigua","西瓜视频","腾讯视频","奇艺视频","优酷视频","芒果视频","乐视视频"]}},
	{"name":"线路6","type":0,"url":"https://jx.m3u8.pw/?url="},
	{"name":"线路7","type":0,"url":"https://vip.bljiex.com/?v=","ext":{"flag":["qq","腾讯","qiyi","爱奇艺","奇艺","youku","优酷","mgtv","芒果","letv","乐视","pptv","PPTV","sohu","bilibili","哔哩哔哩","哔哩"],"header":{"User-Agent":"okhttp/4.1.0"}}},
	{"name":"线路8","type":1,"url":"https://www.m3u8.tv.cache.janan.net:4433/json2020.php?uid=M3U8.TV&token=88888888&url=","ext":{"flag":["qq","腾讯","qiyi","爱奇艺","奇艺","youku","优酷","mgtv","芒果","letv","乐视","pptv","PPTV","sohu","bilibili","哔哩哔哩","哔哩"],"header":{"User-Agent":"okhttp/4.1.0"}}},
	{"name":"线路9","type":1,"url":"http://49.235.238.58:678/?url=","ext":{"flag":["qq","腾讯","qiyi","爱奇艺","奇艺","youku","优酷","mgtv","芒果","letv","乐视","pptv","PPTV","sohu","bilibili","哔哩哔哩","哔哩"],"header":{"User-Agent":"okhttp/4.1.0"}}},
	{"name":"线路10","type":1,"url":"http://27.124.4.42:4567/jhjson/ceshi.php?url=","ext":{"flag":["qq","腾讯","qiyi","爱奇艺","奇艺","youku","优酷","mgtv","芒果","letv","乐视","pptv","PPTV","sohu","bilibili","哔哩哔哩","哔哩"],"header":{"User-Agent":"okhttp/4.1.0"}}},
	{"name":"线路11","type":1,"url":"https://api.json.icu/api/?key=96e367598dd84cf9ed4ff7d08fb16864&url="},
	{"name":"线路12","type":1,"url":"https://api.json.icu/api/?key=da5e816ee2b93d2b7b8d2f966940aa92&url="},
	{"name":"线路13","type":0,"url":"https://www.nxflv.com/?url=","ext":{"flag":["qq","腾讯","企鹅","IQiYi","qiyi","爱奇艺","奇艺","youku","YouKu","优酷","sohu","SoHu","搜狐","letv","LeShi","乐视","imgo","mgtv","MangGuo","芒果","SLYS4k","BYGA","luanzi","AliS","dxzy","bilibili","QEYSS","xigua","西瓜视频","腾讯视频","奇艺视频","优酷视频","芒果视频","乐视视频"]}},
	{"name":"线路14","type":0,"url":"https://jx.bozrc.com:4433/player/?url=","ext":{"flag":["qq","腾讯","qiyi","爱奇艺","奇艺","youku","优酷","mgtv","芒果","letv","乐视","pptv","PPTV","sohu","bilibili","哔哩哔哩","哔哩"],"header":{"User-Agent":"okhttp/4.1.0"}}},
	{"name":"线路15","type":0,"url":"https://jx.xmflv.com/?url=","ext":{"flag":["qq","腾讯","qiyi","爱奇艺","奇艺","youku","优酷","mgtv","芒果","letv","乐视","pptv","PPTV","sohu","bilibili","哔哩哔哩","哔哩"],"header":{"User-Agent":"okhttp/4.1.0"}}},
	{"name":"线路16","type":0,"url":"https://www.yemu.xyz/?url=","ext":{"flag":["qq","腾讯","企鹅","IQiYi","qiyi","爱奇艺","奇艺","youku","YouKu","优酷","sohu","SoHu","搜狐","letv","LeShi","乐视","imgo","mgtv","MangGuo","芒果","SLYS4k","BYGA","luanzi","AliS","dxzy","bilibili","QEYSS","xigua","西瓜视频","腾讯视频","奇艺视频","优酷视频","芒果视频","乐视视频"]}}],
"rules":
	[{"name":"量子广告","hosts":["vip.lz","hd.lz"],"regex":["#EXT-X-DISCONTINUITY\\r*\\n*#EXTINF:6.433333,[\\s\\S]*?#EXT-X-DISCONTINUITY"]},
	{"name":"非凡广告","hosts":["vip.ffzy","hd.ffzy"],"regex":["#EXT-X-DISCONTINUITY\\r*\\n*#EXTINF:6.666667,[\\s\\S]*?#EXT-X-DISCONTINUITY"]},
	{"name":"火山嗅探","hosts":["huoshan.com"],"regex":["item_id="]},
	{"name":"抖音嗅探","hosts":["douyin.com"],"regex":["is_play_url="]}],
"doh":
	[{"name":"AdGuard","url":"https://dns.adguard.com/dns-query","ips":["94.140.14.140","94.140.14.141"]},
	{"name":"Cloudflare","url":"https://cloudflare-dns.com/dns-query","ips":["1.1.1.1","1.0.0.1","2606:4700:4700::1111","2606:4700:4700::1001"]},
	{"name":"DNSWatch","url":"https://resolver2.dns.watch/dns-query","ips":["84.200.69.80","84.200.70.40"]},
	{"name":"Google","url":"https://dns.google/dns-query","ips":["8.8.4.4","8.8.8.8"]},
	{"name":"Quad9","url":"https://dns.quad9.net/dns-quer","ips":["9.9.9.9","149.112.112.112"]}],
"lives":
	[{"name":"live","type":0,"url":"file://TVBoxOSC/本地仓/live.txt","playerType":1,"epg":"http://epg.112114.xyz/?ch={name}&date={date}","logo":"https://epg.112114.xyz/logo/{name}.png"}],
"flags":
	["youku","qq","QQ","iqiyi","qiyi","letv","sohu","tudou","pptv","PPTV","mgtv","ltnb","rx","SLYS4k","BYGA","luanzi","dxzy","QEYSS","aliyun","AliS","122","chuangying","CL4K","xfyun","wuduzy","wasu","bilibili","renrenmi","xmm","xigua","m1905","funshion","优酷","芒果","腾讯","爱奇艺","奇艺","哔哩哔哩","哔哩","西瓜视频","腾讯视频","奇艺视频","优酷视频","芒果视频","乐视视频"],
"ijk":
	[{"group":"软解码","options":
		[{"category":4,"name":"opensles","value":"0"},
		{"category":4,"name":"overlay-format","value":"842225234"},
		{"category":4,"name":"framedrop","value":"1"},
		{"category":4,"name":"soundtouch","value":"1"},
		{"category":4,"name":"start-on-prepared","value":"1"},
		{"category":1,"name":"http-detect-range-support","value":"0"},
		{"category":1,"name":"fflags","value":"fastseek"},
		{"category":2,"name":"skip_loop_filter","value":"48"},
		{"category":4,"name":"reconnect","value":"1"},
		{"category":4,"name":"max-buffer-size","value":"5242880"},
		{"category":4,"name":"enable-accurate-seek","value":"0"},
		{"category":4,"name":"mediacodec","value":"0"},
		{"category":4,"name":"mediacodec-auto-rotate","value":"0"},
		{"category":4,"name":"mediacodec-handle-resolution-change","value":"0"},
		{"category":4,"name":"mediacodec-hevc","value":"0"},
		{"category":1,"name":"dns_cache_timeout","value":"600000000"}]},
	{"group":"硬解码","options":
		[{"category":4,"name":"opensles","value":"0"},
		{"category":4,"name":"overlay-format","value":"842225234"},
		{"category":4,"name":"framedrop","value":"1"},
		{"category":4,"name":"soundtouch","value":"1"},
		{"category":4,"name":"start-on-prepared","value":"1"},
		{"category":1,"name":"http-detect-range-support","value":"0"},
		{"category":1,"name":"fflags","value":"fastseek"},
		{"category":2,"name":"skip_loop_filter","value":"48"},
		{"category":4,"name":"reconnect","value":"1"},
		{"category":4,"name":"max-buffer-size","value":"5242880"},
		{"category":4,"name":"enable-accurate-seek","value":"0"},
		{"category":4,"name":"mediacodec","value":"1"},
		{"category":4,"name":"mediacodec-auto-rotate","value":"1"},
		{"category":4,"name":"mediacodec-handle-resolution-change","value":"1"},
		{"category":4,"name":"mediacodec-hevc","value":"1"},
		{"category":1,"name":"dns_cache_timeout","value":"600000000"}]}],
"ads":
	["wan.51img1.com",
	"iqiyi.hbuioo.com",
	"vip.ffzyad.com",
	"https://lf1-cdn-tos.bytegoofy.com/obj/tos-cn-i-dy/455ccf9e8ae744378118e4bd289288dd",
	"mimg.0c1q0l.cn",
	"www.googletagmanager.com",
	"www.google-analytics.com",
	"mc.usihnbcq.cn",
	"mg.g1mm3d.cn",
	"mscs.svaeuzh.cn",
	"cnzz.hhttm.top",
	"tp.vinuxhome.com",
	"cnzz.mmstat.com",
	"www.baihuillq.com",
	"s23.cnzz.com",
	"z3.cnzz.com",
	"c.cnzz.com",
	"stj.v1vo.top",
	"z12.cnzz.com",
	"img.mosflower.cn",
	"tips.gamevvip.com",
	"ehwe.yhdtns.com",
	"xdn.cqqc3.com",
	"www.jixunkyy.cn",
	"sp.chemacid.cn",
	"hm.baidu.com",
	"s9.cnzz.com",
	"z6.cnzz.com",
	"um.cavuc.com",
	"mav.mavuz.com",
	"wofwk.aoidf3.com",
	"z5.cnzz.com",
	"xc.hubeijieshikj.cn",
	"tj.tianwenhu.com",
	"xg.gars57.cn",
	"k.jinxiuzhilv.com",
	"cdn.bootcss.com",
	"ppl.xunzhuo123.com",
	"xomk.jiangjunmh.top",
	"img.xunzhuo123.com",
	"z1.cnzz.com",
	"s13.cnzz.com",
	"xg.huataisangao.cn",
	"z7.cnzz.com",
	"xg.huataisangao.cn",
	"z2.cnzz.com",
	"s96.cnzz.com",
	"q11.cnzz.com",
	"thy.dacedsfa.cn",
	"xg.whsbpw.cn",
	"s19.cnzz.com",
	"z8.cnzz.com",
	"s4.cnzz.com",
	"f5w.as12df.top",
	"ae01.alicdn.com",
	"www.92424.cn",
	"k.wudejia.com",
	"vivovip.mmszxc.top",
	"qiu.xixiqiu.com",
	"cdnjs.hnfenxun.com",
	"cms.qdwght.com"]
}