{"spider":"http://127.0.0.1:9978/file/TVBoxOSC/本地仓/spider.jar",
"wallpaper":"http://127.0.0.1:9978/file/TVBoxOSC/本地仓/壁纸.jpg",
"sites":
	[{"key":"哔哩直播","name":"哔哩直播","type":3,"api":"./js/drpy.min.js","ext":"./js/哔哩直播.js"},
	{"key":"虎牙直播","name":"虎牙直播","type":3,"api":"./js/drpy.min.js","ext":"./js/虎牙直播.js"},
	{"key":"斗鱼直播","name":"斗鱼直播","type":3,"api":"./js/drpy.min.js","ext":"./js/斗鱼直播.js"},
	{"key":"网易CC","name":"网易CC","type":3,"api":"csp_XYQBiu","searchable":0,"quickSearch":0,"filterable":0,"ext":"./json/网易CC.json"}],
"parses":
	[{"name":"线路1","type":0,"url":"https://jx.zhanlangbu.com/?url="},
	{"name":"线路2","type":0,"url":"https://jx.777jiexi.com/player/?url="},
	{"name":"线路3","type":0,"url":"https://jx.jsonplayer.com/player/?url=","ext":{"flag":["qq","腾讯","qiyi","爱奇艺","奇艺","youku","优酷","mgtv","芒果","letv","乐视","pptv","PPTV","sohu","bilibili","哔哩哔哩","哔哩"],"header":{"User-Agent":"okhttp/4.1.0"}}},
	{"name":"线路4","type":0,"url":"https://yun.ckmov.com/?url=","ext":{"flag":["qq","腾讯","qiyi","爱奇艺","奇艺","youku","优酷","mgtv","芒果","letv","乐视","pptv","PPTV","sohu","bilibili","哔哩哔哩","哔哩"],"header":{"User-Agent":"okhttp/4.1.0"}}},
	{"name":"线路5","type":0,"url":"https://www.nxflv.com/?url=","ext":{"flag":["qq","腾讯","企鹅","IQiYi","qiyi","爱奇艺","奇艺","youku","YouKu","优酷","sohu","SoHu","搜狐","letv","LeShi","乐视","imgo","mgtv","MangGuo","芒果","SLYS4k","BYGA","luanzi","AliS","dxzy","bilibili","QEYSS","xigua","西瓜视频","腾讯视频","奇艺视频","优酷视频","芒果视频","乐视视频"]}},
	{"name":"线路6","type":0,"url":"https://jx.m3u8.pw/?url="},
	{"name":"线路7","type":0,"url":"https://vip.bljiex.com/?v=","ext":{"flag":["qq","腾讯","qiyi","爱奇艺","奇艺","youku","优酷","mgtv","芒果","letv","乐视","pptv","PPTV","sohu","bilibili","哔哩哔哩","哔哩"],"header":{"User-Agent":"okhttp/4.1.0"}}},
	{"name":"线路8","type":1,"url":"https://www.m3u8.tv.cache.janan.net:4433/json2020.php?uid=M3U8.TV&token=88888888&url=","ext":{"flag":["qq","腾讯","qiyi","爱奇艺","奇艺","youku","优酷","mgtv","芒果","letv","乐视","pptv","PPTV","sohu","bilibili","哔哩哔哩","哔哩"],"header":{"User-Agent":"okhttp/4.1.0"}}},
	{"name":"线路9","type":1,"url":"http://49.235.238.58:678/?url=","ext":{"flag":["qq","腾讯","qiyi","爱奇艺","奇艺","youku","优酷","mgtv","芒果","letv","乐视","pptv","PPTV","sohu","bilibili","哔哩哔哩","哔哩"],"header":{"User-Agent":"okhttp/4.1.0"}}},
	{"name":"线路10","type":1,"url":"http://27.124.4.42:4567/jhjson/ceshi.php?url=","ext":{"flag":["qq","腾讯","qiyi","爱奇艺","奇艺","youku","优酷","mgtv","芒果","letv","乐视","pptv","PPTV","sohu","bilibili","哔哩哔哩","哔哩"],"header":{"User-Agent":"okhttp/4.1.0"}}},
	{"name":"线路11","type":1,"url":"https://api.json.icu/api/?key=96e367598dd84cf9ed4ff7d08fb16864&url="},
	{"name":"线路12","type":1,"url":"https://api.json.icu/api/?key=da5e816ee2b93d2b7b8d2f966940aa92&url="},
	{"name":"线路13","type":0,"url":"https://www.nxflv.com/?url=","ext":{"flag":["qq","腾讯","企鹅","IQiYi","qiyi","爱奇艺","奇艺","youku","YouKu","优酷","sohu","SoHu","搜狐","letv","LeShi","乐视","imgo","mgtv","MangGuo","芒果","SLYS4k","BYGA","luanzi","AliS","dxzy","bilibili","QEYSS","xigua","西瓜视频","腾讯视频","奇艺视频","优酷视频","芒果视频","乐视视频"]}},
	{"name":"线路14","type":0,"url":"https://jx.bozrc.com:4433/player/?url=","ext":{"flag":["qq","腾讯","qiyi","爱奇艺","奇艺","youku","优酷","mgtv","芒果","letv","乐视","pptv","PPTV","sohu","bilibili","哔哩哔哩","哔哩"],"header":{"User-Agent":"okhttp/4.1.0"}}},
	{"name":"线路15","type":0,"url":"https://jx.xmflv.com/?url=","ext":{"flag":["qq","腾讯","qiyi","爱奇艺","奇艺","youku","优酷","mgtv","芒果","letv","乐视","pptv","PPTV","sohu","bilibili","哔哩哔哩","哔哩"],"header":{"User-Agent":"okhttp/4.1.0"}}},
	{"name":"线路16","type":0,"url":"https://www.yemu.xyz/?url=","ext":{"flag":["qq","腾讯","企鹅","IQiYi","qiyi","爱奇艺","奇艺","youku","YouKu","优酷","sohu","SoHu","搜狐","letv","LeShi","乐视","imgo","mgtv","MangGuo","芒果","SLYS4k","BYGA","luanzi","AliS","dxzy","bilibili","QEYSS","xigua","西瓜视频","腾讯视频","奇艺视频","优酷视频","芒果视频","乐视视频"]}}],
"rules":
	[{"host":"*","rule":["default.365yg.com"]},
	{"host":"dyxs20.com","rule":[".m3u8"]},
	{"host":"www.agemys.cc","rule":["cdn-tos","obj/tos-cn"]},
	{"host":"www.sharenice.net","rule":["http.*?/play.{0,3}\\?[^url]{2,8}=.*"]},
	{"host":"www.sharenice.net","rule":["qianpailive.com","vid="]},
	{"host":"*","rule":["douyin.com/aweme","video_id="]},
	{"host":"*","rule":["huoshan.com","/item/video/"]},
	{"host":"*","rule":["http((?!http).){12,}?\\.(m3u8|mp4|flv|avi|mkv|rm|wmv|mpg|m4a)\\?.*"]},
	{"host":"*","rule":["http((?!http).){12,}\\.(m3u8|mp4|flv|avi|mkv|rm|wmv|mpg|m4a)"]}],
"lives":
	[{"name":"live","type":0,"url":"http://127.0.0.1:9978/file/TVBoxOSC/本地仓/live.txt","playerType":1,"epg":"http://epg.112114.xyz/?ch={name}&date={date}","logo":"https://epg.112114.xyz/logo/{name}.png"}],
"flags":
	["youku","qq","QQ","iqiyi","qiyi","letv","sohu","tudou","pptv","PPTV","mgtv","ltnb","rx","SLYS4k","BYGA","luanzi","dxzy","QEYSS","aliyun","AliS","122","chuangying","CL4K","xfyun","wuduzy","wasu","bilibili","renrenmi","xmm","xigua","m1905","funshion","优酷","芒果","腾讯","爱奇艺","奇艺","哔哩哔哩","哔哩","西瓜视频","腾讯视频","奇艺视频","优酷视频","芒果视频","乐视视频"],
"ijk":
	[{"group":"软解码","options":
		[{"category":4,"name":"opensles","value":"0"},
		{"category":4,"name":"overlay-format","value":"842225234"},
		{"category":4,"name":"framedrop","value":"1"},
		{"category":4,"name":"soundtouch","value":"1"},
		{"category":4,"name":"start-on-prepared","value":"1"},
		{"category":1,"name":"http-detect-range-support","value":"0"},
		{"category":1,"name":"fflags","value":"fastseek"},
		{"category":2,"name":"skip_loop_filter","value":"48"},
		{"category":4,"name":"reconnect","value":"1"},
		{"category":4,"name":"max-buffer-size","value":"5242880"},
		{"category":4,"name":"enable-accurate-seek","value":"0"},
		{"category":4,"name":"mediacodec","value":"0"},
		{"category":4,"name":"mediacodec-auto-rotate","value":"0"},
		{"category":4,"name":"mediacodec-handle-resolution-change","value":"0"},
		{"category":4,"name":"mediacodec-hevc","value":"0"},
		{"category":1,"name":"dns_cache_timeout","value":"600000000"}]},
	{"group":"硬解码","options":
		[{"category":4,"name":"opensles","value":"0"},
		{"category":4,"name":"overlay-format","value":"842225234"},
		{"category":4,"name":"framedrop","value":"1"},
		{"category":4,"name":"soundtouch","value":"1"},
		{"category":4,"name":"start-on-prepared","value":"1"},
		{"category":1,"name":"http-detect-range-support","value":"0"},
		{"category":1,"name":"fflags","value":"fastseek"},
		{"category":2,"name":"skip_loop_filter","value":"48"},
		{"category":4,"name":"reconnect","value":"1"},
		{"category":4,"name":"max-buffer-size","value":"5242880"},
		{"category":4,"name":"enable-accurate-seek","value":"0"},
		{"category":4,"name":"mediacodec","value":"1"},
		{"category":4,"name":"mediacodec-auto-rotate","value":"1"},
		{"category":4,"name":"mediacodec-handle-resolution-change","value":"1"},
		{"category":4,"name":"mediacodec-hevc","value":"1"},
		{"category":1,"name":"dns_cache_timeout","value":"600000000"}]}],
"ads":
	["wan.51img1.com",
	"iqiyi.hbuioo.com",
	"vip.ffzyad.com",
	"https://lf1-cdn-tos.bytegoofy.com/obj/tos-cn-i-dy/455ccf9e8ae744378118e4bd289288dd",
	"mimg.0c1q0l.cn",
	"www.googletagmanager.com",
	"www.google-analytics.com",
	"mc.usihnbcq.cn",
	"mg.g1mm3d.cn",
	"mscs.svaeuzh.cn",
	"cnzz.hhttm.top",
	"tp.vinuxhome.com",
	"cnzz.mmstat.com",
	"www.baihuillq.com",
	"s23.cnzz.com",
	"z3.cnzz.com",
	"c.cnzz.com",
	"stj.v1vo.top",
	"z12.cnzz.com",
	"img.mosflower.cn",
	"tips.gamevvip.com",
	"ehwe.yhdtns.com",
	"xdn.cqqc3.com",
	"www.jixunkyy.cn",
	"sp.chemacid.cn",
	"hm.baidu.com",
	"s9.cnzz.com",
	"z6.cnzz.com",
	"um.cavuc.com",
	"mav.mavuz.com",
	"wofwk.aoidf3.com",
	"z5.cnzz.com",
	"xc.hubeijieshikj.cn",
	"tj.tianwenhu.com",
	"xg.gars57.cn",
	"k.jinxiuzhilv.com",
	"cdn.bootcss.com",
	"ppl.xunzhuo123.com",
	"xomk.jiangjunmh.top",
	"img.xunzhuo123.com",
	"z1.cnzz.com",
	"s13.cnzz.com",
	"xg.huataisangao.cn",
	"z7.cnzz.com",
	"xg.huataisangao.cn",
	"z2.cnzz.com",
	"s96.cnzz.com",
	"q11.cnzz.com",
	"thy.dacedsfa.cn",
	"xg.whsbpw.cn",
	"s19.cnzz.com",
	"z8.cnzz.com",
	"s4.cnzz.com",
	"f5w.as12df.top",
	"ae01.alicdn.com",
	"www.92424.cn",
	"k.wudejia.com",
	"vivovip.mmszxc.top",
	"qiu.xixiqiu.com",
	"cdnjs.hnfenxun.com",
	"cms.qdwght.com"]
}