{
  "作者": "菜妮丝https://cainisi.cf",
  "站名": "奇优影院",
  "主页url": "http://www.qiyoudy2.com",
  
  "分类": "电影&电视剧&动漫&综艺",
  "分类值": "1&2&3&4",
  
  "分类url": "http://www.qiyoudy2.com/list/{cateId}_{catePg}.html",
  
  "数组": "stui-vodlist__box\">&&</a>",
  "副标题": "text-right\">&&</span>",
  
  "搜索模式": "1",
  "搜索url":"/search.php;post;searchword={wd}",
  "搜索数组": "class=\"thumb\">&&</a>",
  "搜索副标题": "text-right\">&&</span>",
  
  "影片年代": "年份：&&</p>",
  "影片地区": "地区：</span>&&</span>",
  "影片类型": "类型：</span>&&</span>",
  "导演": "导演：&&</p>",
  "主演": "主演：&&</p>",
  "简介": "简介：&&<a",
  
  "线路数组": "<a data-toggle=\"tab&&/a>",
  "线路标题": ">&&<",
  
  "播放数组": "<ul class=\"stui-content&&</ul>"
}