{
    "请求头参数": "User-Agent$手机#Referer$http://www.nmme.xyz",
    "搜索请求头参数": "User-Agent$手机#Referer$http://www.nmme.xyz",
    "搜索链接": "http://www.nmme.xyz/s/1/{wd}",
    "POST请求数据": "",
    "搜索截取模式": "1",
    "搜索列表数组规则": ".search-list&&.item:contains(阿里云盘)",
    "搜索片单是否Jsoup写法": "1",
    "搜索片单图片": "https://inews.gtimg.com/newsapp_bt/0/13263837859/1000",
    "搜索片单标题": "a[data-type=ali]&&data-title",
    "搜索片单链接": "a:contains(阿里)&&data-url",
    "搜索片单副标题": "",
    "搜索片单链接加前缀": "http://www.nmme.xyz/open/other/",
    "搜索片单链接加后缀": "",
    "详情是否Jsoup写法": "1",
    "类型详情": "",
    "年代详情": "",
    "地区详情": "",
    "演员详情": "",
    "简介详情": "",
    "线路列表数组规则": "",
    "线路标题": "",
    "播放列表数组规则": "html&&head",
    "选集列表数组规则": "meta[content~=(aliyundrive.com/s)]",
    "选集标题链接是否Jsoup写法": "0",
    "选集标题": "url=&&\"",
    "选集链接": "url=&&\"",
    "是否反转选集序列": "0",
    "选集链接加前缀": "",
    "选集链接加后缀": "",
    "分析MacPlayer": "",
    "是否开启手动嗅探": "0",
    "手动嗅探视频链接关键词": ".mp4#.m3u8#.flv#video/tos",
    "手动嗅探视频链接过滤词": ".html#=http"
}