{
  "作者": "菜妮丝https://cainisi.cf",
  "站名": "二三三动漫",
  "主页url": "http://233dm.net",
  
  "分类": "新番动漫$21#国产动漫$23#日本动漫$27#目录$4",
  
  "分类url": "http://233dm.net/show/{cateId}--------{catePg}---.html",
  
  "副标题": "module-item-note\">&&</div>",
  
  "搜索模式": "1",
  "搜索url": "/search/-------------.html?wd={wd}",
  "搜索数组": "module-item\">&&</a>",
  "搜索标题": "alt=\"&&\"",
  "搜索副标题": "module-item-note\">&&</div>",
  
  "导演": "导演：&&</div>",
  "主演": "主演：&&</div>",
  "简介": "<p>&&</p>",
  
  "线路数组": "data-dropdown-value=&&</div>",
  "线路标题": "<span>&&</small>[替换:</span><small>>>👉]+集♥",
  
  "播放数组": "module-play-list\">&&</div>"
}